Rank	Challenge score (test set)	Challenge Submission ID	CinC Submission ID	Team Name	Title	Authors	Accepted CinC abstract?	Wild card CinC abstract?	Withdrawn CinC abstract?	CinC preprint uploaded by deadline?	Attended CinC?	Final CinC paper accepted by deadline?	Successful unofficial phase entry	Successful official phase entry?	Successfully trained on the training set and scored on the validation and test sets?	Open-source license?	Eligible for rankings and prizes?	Challenge score (REDS-II validation set)	AUROC (REDS-II validation set)	AUPRC (REDS-II validation set)	Accuracy (REDS-II validation set)	F-measure (REDS-II validation set)	Challenge score (REDS-II test set)	AUROC (REDS-II test set)	AUPRC (REDS-II test set)	Accuracy (REDS-II test set)	F-measure (REDS-II test set)	Challenge score (SaMi-Trop 3 test set)	AUROC (SaMi-Trop 3 test set)	AUPRC (SaMi-Trop 3 test set)	Accuracy (SaMi-Trop 3 test set)	F-measure (SaMi-Trop 3 test set)	Challenge score (ELSA-Brasil test set)	AUROC (ELSA-Brasil test set)	AUPRC (ELSA-Brasil test set)	Accuracy (ELSA-Brasil test set)	F-measure (ELSA-Brasil test set)
1	0.323	2372	19	Biomed-Cardio	Detecting Chagas Disease Using a Vision Transformer-based ECG Foundation Model	Lore Van Santvliet, Phu Xuan Nguyen, Bert Vandenberk, Maarten De Vos	TRUE	FALSE	FALSE	TRUE	TRUE	TRUE	TRUE	TRUE	TRUE	TRUE	TRUE	0.445	0.793	0.331	0.028	0.040	0.468	0.777	0.298	0.022	0.040	0.376	0.767	0.205	0.059	0.040	0.125	0.566	0.063	0.129	0.040
2	0.283	2729	236	DlaskaLabMUI	Transformer–xLSTM Ensembles for ECG-based Chagas Disease Detection	Angus Nicolson, Riccardo Lunelli, Samuel Martin Pröll, Nadja Gruber, Axel Bauer, Clemens Dlaska	TRUE	FALSE	FALSE	TRUE	TRUE	TRUE	TRUE	TRUE	TRUE	TRUE	TRUE	0.440	0.766	0.329	0.979	0.000	0.357	0.735	0.283	0.980	0.000	0.375	0.739	0.181	0.979	0.000	0.118	0.567	0.055	0.980	0.000
3	0.280	2111	100	AIChagas	Managing Label Uncertainty in the Detection of Chagas Disease from the ECG	Casey Hong, Chun-Ti Chou, Sergio González	TRUE	FALSE	FALSE	TRUE	TRUE	TRUE	TRUE	TRUE	TRUE	TRUE	TRUE	0.360	0.733	0.230	0.977	0.308	0.382	0.704	0.125	0.961	0.230	0.329	0.749	0.159	0.948	0.230	0.129	0.626	0.055	0.972	0.089
4	0.271	2388	132	ISIBrno-AIMT	Knowledge Distillation from General Multi-Objective ECG Classification Model for Chagas Disease Detection in 12-Lead ECGs	Petr Nejedly, Martina Dankova, Radovan Smisek, Ivo Viscor, Pavel Jurak, Filip Plesinger	TRUE	FALSE	FALSE	TRUE	TRUE	TRUE	TRUE	TRUE	TRUE	TRUE	TRUE	0.458	0.774	0.302	0.982	0.183	0.354	0.752	0.165	0.976	0.197	0.342	0.763	0.167	0.972	0.197	0.118	0.579	0.063	0.980	0.067
5	0.269	2538	298	Ahus AIM	Biomarker-Based Pretraining for Chagas Disease Screening in Electrocardiograms	Elias Stenhede, Arian Ranjbar	TRUE	FALSE	FALSE	TRUE	TRUE	TRUE	TRUE	TRUE	TRUE	TRUE	TRUE	0.412	0.764	0.289	0.979	0.000	0.389	0.767	0.204	0.980	0.000	0.325	0.764	0.148	0.980	0.000	0.093	0.502	0.039	0.979	0.034
6	0.256	2797	42	cardio_Basel25	Detection of Chagas Disease Using Digital Electrocardiogram by Deep Transfer Learning of the InceptionTime Model	Arnaud Champetier, Christian Mueller	TRUE	FALSE	FALSE	TRUE	TRUE	TRUE	TRUE	TRUE	TRUE	TRUE	TRUE	0.382	0.771	0.229	0.980	0.013	0.289	0.737	0.154	0.980	0.035	0.355	0.777	0.180	0.980	0.035	0.125	0.599	0.060	0.980	0.014
7	0.250	2686	158	CinCo Amigos	Two-Stage Domain Adversarial Learning to Identify Chagas Disease from ECG and Patient Demographic Data	Xiaoyu Wang, James Battye, Aron Syversen, Sharon Yuen Shan Ho, Zixuan Ding, David C. Wong	TRUE	FALSE	FALSE	TRUE	TRUE	TRUE	TRUE	TRUE	TRUE	TRUE	TRUE	0.338	0.691	0.130	0.980	0.018	0.339	0.715	0.331	0.980	0.000	0.247	0.717	0.095	0.976	0.000	0.164	0.622	0.043	0.979	0.000
8	0.245	2531	416	chagas_detector	Finetuning Foundational ECG Models to Detect Chagas Disease	Kelvin Nguyen, Andy Smithwick, Maxwell Loetscher, Shadi Manafi, Zaniar Adarlan, Saman Parvaneh	TRUE	FALSE	FALSE	TRUE	TRUE	TRUE	TRUE	TRUE	TRUE	TRUE	TRUE	0.323	0.671	0.174	0.981	0.117	0.329	0.640	0.268	0.982	0.182	0.281	0.729	0.080	0.973	0.182	0.125	0.592	0.044	0.979	0.027
9	0.240	2802	368	AIMED	Lightweight Deep Neural Network for Chagas Disease Screening Using 12-lead ECG signals	Quenaz B. Soares, Diego A. C. Cardenas, Felipe M. Dias, Estela Ribeiro, Jose E. Krieger, Marco A. Gutierrez	TRUE	FALSE	FALSE	TRUE	TRUE	TRUE	TRUE	TRUE	TRUE	TRUE	TRUE	0.372	0.734	0.180	0.965	0.268	0.321	0.712	0.207	0.948	0.191	0.295	0.713	0.123	0.850	0.191	0.104	0.558	0.046	0.971	0.061
10	0.238	2660	126	Chagas_UBT	Sequential Deep Learning for Chagas Disease Screening: A CNN-BiLSTM Approach with an Attention Mechanism	Saber Jelodari Mamaghani, Adam Bokun, Heike Leutheuser	TRUE	FALSE	FALSE	TRUE	TRUE	TRUE	TRUE	TRUE	TRUE	TRUE	TRUE	0.343	0.734	0.150	0.980	0.082	0.314	0.730	0.099	0.967	0.104	0.295	0.722	0.105	0.974	0.104	0.104	0.555	0.036	0.979	0.020
10	0.238	2705	477	MIWEAR	Foundation Model–Driven High-Confidence Electrocardiogram-Based Chagas Disease Detection	Pindong Chen, Bo Yu, Wenlong Wu	TRUE	TRUE	FALSE	TRUE	TRUE	TRUE	TRUE	TRUE	TRUE	TRUE	TRUE	0.379	0.731	0.206	0.976	0.256	0.282	0.682	0.211	0.958	0.182	0.308	0.722	0.128	0.939	0.182	0.125	0.564	0.051	0.973	0.066
12	0.226	2183	179	Cha-Cha-Chagas	Auxiliary Pretraining and Fine-Tuning Across Heterogeneous Datasets for ECG-Based Chagas Disease Detection	Bjørn-Jostein Singstad, Nikolai Olsen Eidheim, Amila Ruwan Guruge, Ola Marius Lysaker, Vimala Nunavath	TRUE	FALSE	FALSE	TRUE	TRUE	TRUE	TRUE	TRUE	TRUE	TRUE	TRUE	0.316	0.706	0.138	0.979	0.000	0.296	0.680	0.111	0.980	0.000	0.247	0.703	0.078	0.979	0.000	0.136	0.602	0.047	0.980	0.000
12	0.226	2813	160	SwissBeatsNet	SwissBeatsNet: A Multilead Masked Autoencoder for Chagas Disease Detection	Lucas Erlacher, Andrea Agostini, Samuel Ruiperez-Campillo, Ece Ozkan, Thomas M. Sutter, Julia E. Vogt	TRUE	FALSE	FALSE	TRUE	TRUE	TRUE	TRUE	TRUE	TRUE	TRUE	TRUE	0.425	0.767	0.212	0.981	0.298	0.286	0.757	0.166	0.973	0.253	0.320	0.760	0.147	0.940	0.253	0.071	0.525	0.027	0.838	0.041
14	0.224	2187	250	Bug Busters	A Cascading Multi-Stage Deep Learning Approach for Detecting Chagas Disease from Electrocardiograms	Jonas Sandelin, Zoher Orabe, Ismail Elnaggar, Katri Karhinoja, Yangyang Zhao, Chito Patiño, Matti Kaisti, Antti Airola	TRUE	FALSE	FALSE	TRUE	TRUE	TRUE	TRUE	TRUE	TRUE	TRUE	TRUE	0.369	0.739	0.215	0.979	0.000	0.271	0.717	0.191	0.980	0.028	0.319	0.746	0.123	0.979	0.028	0.082	0.501	0.045	0.980	0.014
15	0.221	2320	101	Med_YNNU	Res2Net-Transformer Network Framework Integrating Curriculum Learning and Hard Sample Mining for Chagas Disease Detection from ECGs	Jinxiang Huang, Xuemin Yu, Jingming Zhang, Changsen Zi, Yusi Zhu	TRUE	FALSE	FALSE	TRUE	TRUE	TRUE	TRUE	TRUE	TRUE	TRUE	TRUE	0.299	0.704	0.113	0.976	0.162	0.304	0.705	0.202	0.980	0.220	0.276	0.706	0.085	0.953	0.220	0.082	0.495	0.029	0.975	0.074
16	0.220	2472	86	PhysioWinn	CNN-Based Chagas Disease Detection with 12-Lead ECG	Shyamal Y Dharia, Mahdis Hojjati, Saminur Rahman, Mir Md Taosif Nur, Camilo E Valderrama	TRUE	FALSE	FALSE	TRUE	TRUE	TRUE	TRUE	TRUE	TRUE	TRUE	TRUE	0.326	0.679	0.130	0.909	0.148	0.311	0.705	0.213	0.880	0.125	0.253	0.711	0.076	0.748	0.125	0.096	0.566	0.037	0.781	0.049
17	0.218	2773	475	CAUETUMN	ResNet-BiGRU with Conditioned Query-Based Cross-Attention and Weighted Loss for Automated Chagas Disease Detection from 12-Lead ECG	Hyuno Im, Nahyun Lee, Taeyoung Kang, Taehwan Kim, Donggun Kim, Donggyu Lee, Seungsang Oh, Wuming Gong, and Il-Youp Kwak	TRUE	TRUE	FALSE	TRUE	TRUE	TRUE	TRUE	TRUE	TRUE	TRUE	TRUE	0.347	0.726	0.196	0.980	0.013	0.282	0.703	0.191	0.980	0.021	0.272	0.730	0.108	0.977	0.021	0.100	0.542	0.033	0.979	0.014
18	0.217	2608	285	ElectroDoChagas	A ResNet with CBAM Attention Module Ensemble to Detect Chagas Disease in the ECG: Age, Sex and Database Biases	Jorge Sanchez, Sandra Perez-Herrero, Jose Gallego-Navarro, Guadalupe Garcia-Isla	TRUE	FALSE	FALSE	TRUE	TRUE	TRUE	TRUE	TRUE	TRUE	TRUE	TRUE	0.351	0.709	0.208	0.979	0.000	0.268	0.680	0.140	0.980	0.000	0.278	0.726	0.124	0.979	0.000	0.104	0.573	0.053	0.980	0.000
18	0.217	2791	144	Leicester Fox	Classification of Chagas Disease Using Convolutional Neural Network and Random Forest	Noor Qaqos, Ekenedirichukwu N Obianom, Shamsu Idris Abdullahi, Fan Feng, Abdulhamed M Jasim, Zaid A Abod, Abdulmalik Koya, G André Ng, Xin Li	TRUE	FALSE	FALSE	TRUE	TRUE	TRUE	TRUE	TRUE	TRUE	TRUE	TRUE	0.258	0.694	0.104	0.974	0.133	0.350	0.697	0.086	0.968	0.149	0.259	0.696	0.086	0.957	0.149	0.043	0.483	0.020	0.979	0.000
18	0.217	2077	219	Seoul Mates	Vector Signals from the Heart: A Foundation Model Approach to Chagas Detection	Sehun Kim	TRUE	FALSE	FALSE	TRUE	TRUE	TRUE	TRUE	TRUE	TRUE	TRUE	TRUE	0.306	0.707	0.142	0.021	0.040	0.293	0.691	0.219	0.020	0.040	0.246	0.689	0.100	0.021	0.040	0.111	0.596	0.051	0.020	0.040
21	0.205	2610	11	Medics	Detection of Chagas Disease Using Tensor Decomposition and Wavelet Scattering Transform of ECG Signals	Shivnarayan Patidar	TRUE	FALSE	FALSE	TRUE	TRUE	TRUE	TRUE	TRUE	TRUE	TRUE	TRUE	0.266	0.672	0.120	0.921	0.140	0.289	0.737	0.249	0.929	0.161	0.256	0.698	0.090	0.808	0.161	0.071	0.475	0.020	0.979	0.000
22	0.204	2829	197	HeartGoesOut2U	Automated 12-lead ECG Chagas Disease Detection: HuBERT and Multireceptive Field CNN Hybrid Approach	Monika Kisieliūtė, Vladislav Kolupayev	TRUE	FALSE	FALSE	TRUE	TRUE	TRUE	TRUE	TRUE	TRUE	TRUE	TRUE	0.372	0.712	0.181	0.903	0.159	0.232	0.738	0.085	0.872	0.117	0.275	0.736	0.114	0.746	0.117	0.104	0.601	0.044	0.893	0.072
23	0.202	2745	108	ChagAI	ChagaL: Low-Rank Adaptation to Detect Chagas Disease from Electrocardiograms	Pierre Aublin, Stephanie Kühne, Philip Raake, Sebastian Zaunseder, and Dario Bongiovanni	TRUE	FALSE	FALSE	TRUE	TRUE	TRUE	TRUE	TRUE	TRUE	TRUE	TRUE	0.259	0.656	0.073	0.025	0.040	0.279	0.652	0.109	0.029	0.040	0.217	0.673	0.060	0.031	0.040	0.111	0.584	0.033	0.064	0.040
24	0.199	2179	234	DataNinyas	HEART - Hybrid ECG Analysis for Recognizing Chagas	Pinar Bisgin, Martin Sondermann, Harshini Eggoni, Ole Werger, Prabhudev Bengaluru Kumar, Florian Lübbe, Maximilian Fecke, Niklas Tschorn, Mostafa Kamal Mallick, Michael Pantförder, Hendrik Wöhrle	TRUE	FALSE	FALSE	TRUE	TRUE	TRUE	TRUE	TRUE	TRUE	TRUE	TRUE	0.303	0.714	0.206	0.980	0.003	0.275	0.717	0.104	0.980	0.014	0.233	0.631	0.075	0.979	0.014	0.089	0.534	0.037	0.980	0.000
25	0.198	2684	408	CLECLINIC	Learning from Leads: A 1D Dilated ResNet for ECG Chagas Disease Screening	Somesh Saini, Matheus Araujo	TRUE	FALSE	FALSE	TRUE	TRUE	TRUE	TRUE	TRUE	TRUE	TRUE	TRUE	0.271	0.701	0.122	0.980	0.013	0.246	0.634	0.093	0.980	0.014	0.277	0.717	0.086	0.978	0.014	0.071	0.481	0.022	0.978	0.006
26	0.195	2612	237	Kust_MeAI	Chagas Disease Detection from 12-Lead ECG by Combining Self-Attention Enhanced Residual Networks with Customed Joint Loss	Zijie Zhu, Shuang Qiu, Chen Xia, Jinyu Wang, Hedi Li, Xiyuan Wang, Yan Du, Pan Xia	TRUE	FALSE	FALSE	TRUE	TRUE	TRUE	TRUE	TRUE	TRUE	TRUE	TRUE	0.201	0.634	0.107	0.970	0.149	0.254	0.643	0.074	0.963	0.147	0.231	0.657	0.077	0.850	0.147	0.100	0.567	0.029	0.965	0.047
27	0.192	2827	332	UMC Utrecht	Transfer Learning and Soft Labels Enable Robust ECG-Based Detection of Chagas Disease	Bas BS Schots, Bauke KO Arends, Dino Ahmetagic, Camila S Pizarro, Tim Paquaij, Pim van der Harst, Rutger R van de Leur, René van Es	TRUE	FALSE	FALSE	TRUE	TRUE	TRUE	TRUE	TRUE	TRUE	TRUE	TRUE	0.280	0.687	0.078	0.970	0.227	0.314	0.629	0.188	0.972	0.297	0.227	0.706	0.067	0.796	0.297	0.036	0.471	0.019	0.772	0.033
29	0.190	2318	283	ECGenius	CardioRAG: A Retrieval-Augmented Generation Framework for Multimodal Chagas Disease Detection	Zhengyang Shen, Xuehao Zhai, Hua Tu, Mayue Shi	TRUE	FALSE	FALSE	TRUE	TRUE	TRUE	TRUE	TRUE	TRUE	TRUE	TRUE	0.277	0.680	0.099	0.889	0.119	0.296	0.667	0.096	0.865	0.113	0.173	0.677	0.046	0.714	0.113	0.100	0.580	0.028	0.751	0.048
30	0.174	2487	239	EPBandoleroLab	Deep Learning for Early Chagas Disease Diagnosis: A Comparative Analysis of 12-Lead ECG and Derived VCG	Alejandro Pascual-Mellado, Vicent Torres-Sastre, Cristina Albert, Alejandro Pérez-González, Raúl Alós, Elisa Ramı́rez, Francisco Castells, José Millet	TRUE	FALSE	FALSE	TRUE	TRUE	TRUE	TRUE	TRUE	TRUE	TRUE	TRUE	0.259	0.696	0.080	0.834	0.105	0.161	0.692	0.062	0.867	0.113	0.224	0.702	0.080	0.667	0.113	0.136	0.561	0.035	0.690	0.048
31	0.173	2527	91	FjordNet	Domain-Adversarial Pretrained Encoder for ECG-Based Chagas Disease Screening	Tianzheng Dong, Xinqi Bao, Jia Bi, Saikat Chatterjee	TRUE	FALSE	FALSE	TRUE	TRUE	TRUE	TRUE	TRUE	TRUE	TRUE	TRUE	0.270	0.714	0.072	0.841	0.103	0.246	0.675	0.148	0.859	0.110	0.173	0.663	0.044	0.691	0.110	0.100	0.555	0.037	0.929	0.058
32	0.163	2715	309	Revenger	Reliability-Aware Hierarchical Learning for Chagas Detection from Electrocardiogram under Expert Label Scarcity	Hao Wen, Jingsu Kang	TRUE	FALSE	FALSE	TRUE	TRUE	TRUE	TRUE	TRUE	TRUE	TRUE	TRUE	0.245	0.688	0.128	0.980	0.038	0.229	0.621	0.052	0.974	0.022	0.148	0.599	0.044	0.979	0.022	0.111	0.587	0.036	0.977	0.006
33	0.159	2248	35	WEAIT	Novel N-BEATS Architecture for Classification of Chagas Disease	Bartosz Puszkarski, Krzysztof Hryniów, Marcin Iwanowski	TRUE	FALSE	FALSE	TRUE	TRUE	TRUE	TRUE	TRUE	TRUE	TRUE	TRUE	0.237	0.646	0.060	0.022	0.040	0.196	0.584	0.072	0.020	0.040	0.161	0.639	0.043	0.067	0.040	0.121	0.587	0.035	0.032	0.040
34	0.157	2325	48	Mainchagas	A Deep Learning Framework for Chagas Disease Detection Using CNN-Transformer Architecture on 12-Lead ECGs	KYUNG MIN CHOI, Giwon Yoon, Segyeong Joo	TRUE	FALSE	FALSE	TRUE	TRUE	FALSE	TRUE	TRUE	TRUE	TRUE	TRUE	0.163	0.610	0.069	0.980	0.028	0.232	0.644	0.062	0.979	0.013	0.150	0.641	0.041	0.970	0.013	0.089	0.520	0.031	0.950	0.052
35	0.144	2752	37	DEbuggers	Detecting Chagas Disease from the ECG with Sharpness Aware Minimization and Domain Adversarial Learning	Jad Haidamous, Philip Hempel, Maurice Rohr, Tizian C Dege, Marcus Vollmer, Nicolai Spicher, Christoph Hoog Antink	TRUE	FALSE	FALSE	TRUE	TRUE	TRUE	TRUE	TRUE	TRUE	TRUE	TRUE	0.350	0.676	0.125	0.969	0.270	0.279	0.701	0.124	0.910	0.153	0.050	0.500	0.021	0.979	0.153	0.104	0.557	0.033	0.944	0.057
36	0.119	2540	61	CompleXformers	Wavelet-Derived Entropy and Complexity Biomarkers for ECG-Based Detection of Chagasic Cardiomyopathy	G V Clemente, L R Andrini, M Llamedo Soria	TRUE	FALSE	FALSE	TRUE	TRUE	TRUE	TRUE	TRUE	TRUE	TRUE	TRUE	0.187	0.628	0.046	0.979	0.000	0.149	0.604	0.038	0.980	0.000	0.116	0.559	0.028	0.979	0.000	0.093	0.539	0.026	0.980	0.000
37	0.112	2862	192	Blue and Gold	On spurious features when predicting Chagas	Matthew Dupont, Richard J Povinelli	TRUE	FALSE	FALSE	TRUE	TRUE	TRUE	TRUE	TRUE	TRUE	TRUE	TRUE	0.150	0.530	0.036	0.970	0.118	0.139	0.497	0.064	0.961	0.085	0.125	0.546	0.033	0.937	0.085	0.071	0.487	0.023	0.978	0.000
38	0.108	2742	259	SambaRhythm	Fine-tuning a Pretrained ECG Foundation Model for Chagas Disease Detection	Yongchao Long, Jinshuai Gu, Mingke Yan, Rafael da Costa Silva, Deyun Zhang, Shijia Geng, Jun Li, Qinghao Zhao, Diego Furtado Silva, Yuxi Zhou, Shenda Hong	TRUE	FALSE	FALSE	TRUE	TRUE	TRUE	TRUE	TRUE	TRUE	TRUE	TRUE	0.099	0.578	0.032	0.949	0.050	0.089	0.582	0.030	0.937	0.055	0.121	0.595	0.042	0.811	0.055	0.114	0.544	0.038	0.979	0.014
39	0.082	2648	80	GAIN-ECG	Ensemble Learning with Early Fusion of Kernel-Transformed and Classical Electrocardiogram Features for Chagas Disease Detection	Victor Li, Runze Yan, Alex Fedorov, Jiaying Lu	TRUE	FALSE	FALSE	TRUE	TRUE	TRUE	TRUE	TRUE	TRUE	TRUE	TRUE	0.090	0.528	0.026	0.979	0.000	0.089	0.533	0.025	0.980	0.000	0.095	0.512	0.024	0.979	0.000	0.061	0.502	0.024	0.980	0.000
40	0.076	2796	335	Chaguys	ECG-Based Screening of Chagas Disease Using Deep Residual Networks and Feature-Based Machine Learning	Marion Taconné∗ , Stefano Magni, Cristian Drudi, Sara Maria Pagotto, Valentina D. A. Corino, Pietro Cerveri, Anna Maria Bianchi, Riccardo Barbieri and Luca Mainardi	TRUE	FALSE	FALSE	TRUE	TRUE	TRUE	TRUE	TRUE	TRUE	TRUE	TRUE	0.088	0.593	0.028	0.727	0.057	0.086	0.580	0.028	0.675	0.054	0.091	0.620	0.031	0.692	0.054	0.050	0.506	0.021	0.621	0.038
41	0.050	2512	243	CHA-CruzControl	Ranking Aware Loss for CNN–based Chagas Disease Detection from ECGs	Florian Herzler, Nabil Jabareen, Sören Lukassen	TRUE	FALSE	FALSE	TRUE	TRUE	TRUE	TRUE	TRUE	TRUE	TRUE	TRUE	0.050	0.500	0.021	0.979	0.000	0.050	0.500	0.020	0.980	0.000	0.050	0.500	0.021	0.979	0.000	0.050	0.500	0.020	0.980	0.000
#N/A	0.053	2033	308	ADI_KOS	Discriminative Power of Pre-trained Representation Learning in Chagas Disease Classification	Burak ÖZKALAYCI	TRUE	FALSE	TRUE	FALSE	FALSE	FALSE	TRUE	TRUE	TRUE	TRUE	FALSE	0.062	0.512	0.025	0.979	0.000	0.046	0.539	0.023	0.980	0.000	0.056	0.479	0.021	0.979	0.000	0.058	0.481	0.020	0.980	0.000
#N/A		#N/A	70	Aerospace-Chagas	Chagas Disease Detection Using Electrocardiogram and a Self-Supervised Learning-Based Neural Network	Yuhan Liu, ruiqi zhou, Peng Zhou, Chengchen Zhang, Kun Zhang	FALSE	FALSE	TRUE	FALSE	FALSE	FALSE	TRUE	FALSE	FALSE	FALSE	FALSE																				
#N/A		#N/A	81	AI-IN-Cardio	Reliable Pseudo-Labeling for semi-supervised Chagas Diagnosis from Noisy-Labeled ECG	Weifeng Liu, Qiu Miaohan, Li Jing, Li Yi, Han Yaling	TRUE	FALSE	FALSE	FALSE	FALSE	FALSE	TRUE	FALSE	FALSE	FALSE	FALSE																				
#N/A		#N/A	304	AIMLoW	Human-AI Collaboration for Chagas Disease Screening: Fine-tuning Pre-trained Models and Feature Engineering on 12-Lead ECGs for the PhysioNet Challenge 2025	Binh N. Nguyen	FALSE	FALSE	FALSE	FALSE	FALSE	FALSE	FALSE	FALSE	FALSE	FALSE	FALSE																				
#N/A	0.259	2493	235	BAPORLab	Embedding ECG Signals into 2D Image with Preserved Spatial Information for Chagas Disease Classification	Sung-Eun Kim, Hong-Cheol Yoon, Hyun-Seok Kim, Woo-Young Seo, Sung-Hoon Kim	TRUE	FALSE	FALSE	TRUE	FALSE	TRUE	TRUE	TRUE	TRUE	TRUE	FALSE	0.369	0.714	0.171	0.972	0.198	0.368	0.725	0.209	0.976	0.197	0.308	0.739	0.112	0.962	0.197	0.100	0.538	0.033	0.953	0.064
#N/A		#N/A	#N/A	BlackWhite_Bird	#N/A	#N/A	FALSE	FALSE	FALSE	FALSE	FALSE	FALSE	TRUE	FALSE	FALSE		FALSE																				
#N/A	0.158	2028	447	BuckeyeAI	Automated Detection of Chagas Disease in 12-Lead Electrocardiograms Using Deep Learning	Biswajit Padhi, Ping Zhang	TRUE	FALSE	FALSE	TRUE	FALSE	FALSE	TRUE	TRUE	TRUE	TRUE	FALSE	0.200	0.630	0.076	0.977	0.074	0.193	0.636	0.148	0.981	0.146	0.221	0.632	0.077	0.947	0.146	0.061	0.514	0.026	0.980	0.007
#N/A		#N/A	#N/A	BYU	#N/A	#N/A	FALSE	FALSE	FALSE	FALSE	FALSE	FALSE	FALSE	FALSE	FALSE		FALSE																				
#N/A	0.193	2537	442	CardioAI	Diagnosis of Chagas Disease using ResNet-Based Deep Residual Networks with Demographic Fusion	Amrita Singh, Anju Bhandari Gandhi, Kumar Prasun, Rishabh Jha	TRUE	FALSE	TRUE	TRUE	FALSE	FALSE	TRUE	TRUE	TRUE	TRUE	FALSE	0.245	0.654	0.097	0.967	0.155	0.268	0.614	0.207	0.971	0.196	0.219	0.660	0.060	0.887	0.196	0.093	0.540	0.028	0.953	0.053
#N/A		#N/A	#N/A	CardioDetectives	#N/A	#N/A	FALSE	FALSE	FALSE	FALSE	FALSE	FALSE	TRUE	FALSE	FALSE		FALSE																				
#N/A		#N/A	#N/A	CBT	#N/A	#N/A	FALSE	FALSE	FALSE	FALSE	FALSE	FALSE	FALSE	FALSE	FALSE		FALSE																				
#N/A	0.240	2808	238	CeZIS	ECG-Based Chagas Disease Detection with Neural Networks	Ľubomír Antoni, Peter Bugata, Peter Bugata Jr., Dávid Hudák, Vladimíra Kmečová, Monika Staňková, Erik Bruoth, Ivan Žežula	TRUE	FALSE	TRUE	FALSE	FALSE	FALSE	TRUE	TRUE	TRUE	TRUE	FALSE	0.386	0.750	0.238	0.970	0.307	0.279	0.760	0.143	0.941	0.164	0.324	0.766	0.146	0.853	0.164	0.118	0.593	0.061	0.952	0.081
#N/A		#N/A	245	chagas-slayers	Chagas disease detection using combined 1D and 2D ResNet model on ECG data.	Dung Duong, Cuong V. Nguyen, Cuong Do	TRUE	FALSE	TRUE	FALSE	FALSE	FALSE	TRUE	FALSE	FALSE	TRUE	FALSE																				
#N/A		#N/A	#N/A	CI_STAR	#N/A	#N/A	FALSE	FALSE	FALSE	FALSE	FALSE	FALSE	FALSE	FALSE	FALSE		FALSE																				
#N/A		#N/A	#N/A	CIC_UPIITA_TEAM	#N/A	#N/A	FALSE	FALSE	FALSE	FALSE	FALSE	FALSE	FALSE	FALSE	FALSE		FALSE																				
#N/A		#N/A	448	Clemson V Chagas	Clemson V Chagas PhysioNet Challenge 2025	Toby Solomon Cox, Anna Galeano, Varun Sethi, Aaron Masino	FALSE	FALSE	TRUE	FALSE	FALSE	FALSE	FALSE	FALSE	FALSE	FALSE	FALSE																				
#N/A		#N/A	#N/A	CMC-ECG	#N/A	#N/A	FALSE	FALSE	FALSE	FALSE	FALSE	FALSE	FALSE	FALSE	FALSE		FALSE																				
#N/A		#N/A	#N/A	CML-Chagas	#N/A	#N/A	FALSE	FALSE	FALSE	FALSE	FALSE	FALSE	FALSE	FALSE	FALSE		FALSE																				
#N/A		#N/A	#N/A	COECBT	#N/A	#N/A	FALSE	FALSE	FALSE	FALSE	FALSE	FALSE	FALSE	FALSE	FALSE		FALSE																				
#N/A		#N/A	#N/A	CSX_UTAustin	#N/A	#N/A	FALSE	FALSE	FALSE	FALSE	FALSE	FALSE	FALSE	FALSE	FALSE		FALSE																				
#N/A		#N/A	#N/A	CVCECGB	#N/A	#N/A	FALSE	FALSE	FALSE	FALSE	FALSE	FALSE	TRUE	FALSE	FALSE		FALSE																				
#N/A		#N/A	292	D1Yappers@Brown	Multi-Stage CNN-Transformer-XGBoost Ensemble for ECG Analysis in Chagas Disease Diagnosis	Vivian K. Kang, Youwei Zhen, Averroes Tirtosuharto	TRUE	FALSE	FALSE	FALSE	FALSE	FALSE	FALSE	FALSE	FALSE	TRUE	FALSE																				
#N/A		#N/A	130	Deakin_ML_team	Effective Chagas Serological Test Prioritization via Optimized Feature-Based Gradient Boosting	Vinayaka Vivekananda Malgi, Sunil Aryal	TRUE	FALSE	FALSE	FALSE	FALSE	FALSE	TRUE	FALSE	FALSE	FALSE	FALSE																				
#N/A		#N/A	#N/A	DeepHeartKCL	#N/A	#N/A	FALSE	FALSE	FALSE	FALSE	FALSE	FALSE	FALSE	FALSE	FALSE		FALSE																				
#N/A	0.180	2459	279	DeepTryp	Robust Chagas Disease Risk Stratification Using Multi-Layer and Physics-Informed Representation Learning	Aristotelis Ballas, Vasileios Papapanagiotou, Christos Diou	TRUE	FALSE	TRUE	FALSE	FALSE	FALSE	FALSE	TRUE	TRUE	TRUE	FALSE	0.250	0.640	0.063	0.896	0.108	0.207	0.610	0.050	0.879	0.084	0.211	0.660	0.057	0.593	0.084	0.121	0.508	0.028	0.617	0.040
#N/A	0.215	2509	110	DLU	Semi-supervised Noise Label Learning On 12-lead ECG Records For Chagas Disease Detection	Chen Hao Hao, Jiang Songtao, Hui Fang, Yu Chen, Baotong Liu, Jing Qin, Lu Liu, Zuxu Wang	TRUE	FALSE	FALSE	FALSE	FALSE	FALSE	TRUE	TRUE	TRUE	TRUE	FALSE	0.343	0.706	0.141	0.979	0.000	0.300	0.698	0.108	0.980	0.000	0.238	0.725	0.081	0.980	0.000	0.107	0.550	0.031	0.979	0.000
#N/A		#N/A	#N/A	DoSensei	#N/A	#N/A	FALSE	FALSE	FALSE	FALSE	FALSE	FALSE	FALSE	FALSE	FALSE		FALSE																				
#N/A		#N/A	296	Dsail Ace	Interpretable Detection of Chagas Disease from 12-Lead ECGs Using LightGBM with Adaptive Class Balancing.	Clinton Mwangi Kuya, David Wachira Warutumo, Paul K. Bett	TRUE	FALSE	FALSE	FALSE	FALSE	FALSE	TRUE	FALSE	FALSE	FALSE	FALSE																				
#N/A	0.197	2073	129	DTU_HealthTech	Masked Modelling is all you need for Electrocardiogram Signals	Gouthamaan Manimaran, Sadasivan Puthusserypady, Maria Helena Dominguez, Jakob Eyvind Bardram	TRUE	FALSE	FALSE	FALSE	FALSE	FALSE	TRUE	TRUE	TRUE	TRUE	FALSE	0.252	0.661	0.104	0.980	0.040	0.218	0.645	0.098	0.980	0.086	0.236	0.665	0.073	0.977	0.086	0.136	0.599	0.059	0.979	0.059
#N/A		#N/A	453	ECG Intelligence	AI-Driven Diagnosis of Chagas Disease Using Electrocardiographic Data	Tejas Karusala, Gabriel Amon Cacho, Sunkalp Chandra, Pranav Ayyappan	FALSE	FALSE	FALSE	FALSE	FALSE	FALSE	FALSE	FALSE	FALSE	FALSE	FALSE																				
#N/A	0.200	2864	77	ECG_ChD_25	One-Dimensional ConvNeXt for Chagas Disease Screening from 12-lead ECGs	Elaine Li	TRUE	FALSE	FALSE	TRUE	TRUE	TRUE	FALSE	TRUE	TRUE	TRUE	FALSE	0.372	0.738	0.166	0.964	0.225	0.282	0.711	0.201	0.934	0.170	0.232	0.666	0.068	0.943	0.170	0.086	0.536	0.031	0.980	0.007
#N/A		#N/A	446	ECG_Lakers	Transformer Enabled Classification of Wavelet-Processed ECGs for Chagas disease	Raghav Sriram, Brennen Farrell	TRUE	FALSE	TRUE	FALSE	FALSE	FALSE	FALSE	FALSE	FALSE	FALSE	FALSE																				
#N/A	0.124	2336	#N/A	ECG_UvA	#N/A	#N/A	FALSE	FALSE	FALSE	FALSE	FALSE	FALSE	FALSE	TRUE	TRUE	TRUE	FALSE	0.115	0.581	0.032	0.605	0.051	0.193	0.611	0.040	0.613	0.054	0.107	0.573	0.029	0.594	0.054	0.071	0.511	0.027	0.976	0.052
#N/A	0.160	2871	#N/A	ECGWizards	#N/A	#N/A	FALSE	FALSE	FALSE	FALSE	FALSE	FALSE	TRUE	TRUE	TRUE	TRUE	FALSE	0.150	0.633	0.050	0.901	0.076	0.196	0.683	0.084	0.927	0.111	0.172	0.674	0.056	0.859	0.111	0.111	0.599	0.033	0.975	0.034
#N/A	0.050	2255	99	Ephemeris Labs	Using a TensorFlow Lite LSTM Deep Learning Model to Screen for Chagas Disease	Zoe E. Boysen, Ron Yang, Emilia V. Fallman	TRUE	FALSE	FALSE	TRUE	TRUE	TRUE	FALSE	TRUE	TRUE	TRUE	FALSE	0.050	0.500	0.021	0.021	0.040	0.050	0.500	0.020	0.020	0.040	0.050	0.500	0.021	0.034	0.040	0.050	0.500	0.020	0.020	0.040
#N/A	0.238	2158	32	GDMUBME_ECGGroup	Supervised Deep Learning for Chagas Disease Detection via ECG Signals	Ming Chen, Xianglin Fang	TRUE	FALSE	FALSE	FALSE	FALSE	FALSE	TRUE	TRUE	TRUE	TRUE	FALSE	0.311	0.683	0.111	0.971	0.201	0.289	0.692	0.087	0.970	0.207	0.305	0.703	0.113	0.957	0.207	0.121	0.580	0.051	0.972	0.077
#N/A	0.205	2292	449	Haarcells	Beats Aligned: Multiscale Deep CNN-Attention Network for Chagas Classification from 12-Lead ECGs	Harish Balasubramanian, Arrun Sivasubramanian	TRUE	FALSE	TRUE	FALSE	FALSE	FALSE	FALSE	TRUE	TRUE	TRUE	FALSE	0.279	0.667	0.088	0.970	0.122	0.300	0.720	0.108	0.975	0.188	0.240	0.717	0.077	0.905	0.188	0.075	0.485	0.033	0.859	0.044
#N/A	0.157	2523	322	HAI_AMRITIANS	A ResNet-BiLSTM Hybrid Approach to Detect Chagas Cardiomyopathy Using 12-Lead ECGs	Sachin Kurup, Velamala Pavan Krishna, Ulligadda Shashank	TRUE	FALSE	FALSE	FALSE	FALSE	FALSE	TRUE	TRUE	TRUE	TRUE	FALSE	0.231	0.649	0.075	0.961	0.160	0.189	0.606	0.064	0.942	0.116	0.183	0.632	0.048	0.902	0.116	0.100	0.521	0.029	0.963	0.049
#N/A		#N/A	331	HeartShapedBox	Barlow Twins Redundancy Reduction based Approach for Chagas Disease Screening via ECG	Shreyansh Padarha, Felix H. Krones, Benjamin Walker, Adam Mahdi, Terry J. Lyons	TRUE	FALSE	TRUE	FALSE	FALSE	FALSE	TRUE	FALSE	FALSE	FALSE	FALSE																				
#N/A		#N/A	383	HFusion-Net	HFUSION-NET: A Hesitant Fuzzy Attention Fusion Framework for Uncertainty-Aware Classification of Chagas Cardiomyopathy	J.Angella Rebecca	FALSE	FALSE	FALSE	FALSE	FALSE	FALSE	FALSE	FALSE	FALSE	FALSE	FALSE																				
#N/A		#N/A	#N/A	IMI-MS Rlign	#N/A	#N/A	FALSE	FALSE	FALSE	FALSE	FALSE	FALSE	TRUE	FALSE	FALSE		FALSE																				
#N/A	0.165	2667	34	IMP	The Generative Interpretable Pre-Trained Transformers for Detection of Chagas Disease from 12-lead ECG	Marek Zylinski, Annie Ching-En Chiu, Nina Moutonnet, Harry J. Davies, Danilo Mandic	TRUE	FALSE	TRUE	TRUE	FALSE	FALSE	TRUE	TRUE	TRUE	TRUE	FALSE	0.195	0.625	0.065	0.887	0.092	0.211	0.635	0.080	0.871	0.090	0.191	0.651	0.047	0.799	0.090	0.093	0.559	0.028	0.921	0.061
#N/A		#N/A	#N/A	ISPLAB	#N/A	#N/A	FALSE	FALSE	FALSE	FALSE	FALSE	FALSE	FALSE	FALSE	FALSE		FALSE																				
#N/A	0.104	2595	27	KHU_BME_( )	Feature-Reduced Ensemble Model for ECG-Based Chagas Disease Diagnosis	Eunseo Choi, Sanghyun Ham	TRUE	FALSE	FALSE	TRUE	FALSE	FALSE	TRUE	TRUE	TRUE	TRUE	FALSE	0.094	0.596	0.031	0.021	0.040	0.104	0.547	0.027	0.020	0.040	0.115	0.587	0.032	0.021	0.040	0.093	0.518	0.042	0.020	0.040
#N/A	0.121	2032	224	Logia_DC_UFC	ECG-Based Chagas Disease Detection via Multi-Domain Feature Extraction and Ensemble Learning Techniques	Antonio Guilherme Cunha Santos, João Paulo do Vale Madeiro, Léo Vitor Ribeiro, Weslley Lioba Caldas	TRUE	FALSE	FALSE	FALSE	FALSE	FALSE	TRUE	TRUE	TRUE	TRUE	FALSE	0.106	0.542	0.044	0.977	0.051	0.132	0.541	0.049	0.978	0.063	0.141	0.540	0.045	0.972	0.063	0.089	0.533	0.039	0.977	0.049
#N/A		#N/A	167	Mahem_Fibres	LA-ECGNet: Lead-Aware Self-Supervised Deep Learning for Chagas Disease Detection from 12-Lead ECGs	Ganesh Paramasivam, Abhishek Gupta, Mukund A Prabhu	TRUE	FALSE	FALSE	FALSE	FALSE	FALSE	TRUE	FALSE	FALSE	FALSE	FALSE																				
#N/A		#N/A	#N/A	Matching BedBugs	#N/A	#N/A	FALSE	FALSE	FALSE	FALSE	FALSE	FALSE	FALSE	FALSE	FALSE		FALSE																				
#N/A	0.192	2762	428	MCV_UVIC	Automated Chagas Disease Detection from 12-Lead ECGs Using a Residual Network with Robust Preprocessing	Rishabh Jha, Ashery Mbilinyi	TRUE	FALSE	FALSE	TRUE	TRUE	FALSE	TRUE	TRUE	TRUE	TRUE	FALSE	0.272	0.663	0.107	0.768	0.073	0.246	0.566	0.225	0.687	0.047	0.236	0.682	0.064	0.483	0.047	0.093	0.529	0.027	0.537	0.042
#N/A	0.214	2638	51	medex	Deep Learning-Based Detection of Chagas Disease from Multi-Source ECGs	Rui Yu, Meitong Zhu, Guangyu Bin	TRUE	FALSE	FALSE	FALSE	FALSE	FALSE	TRUE	TRUE	TRUE	TRUE	FALSE	0.283	0.685	0.072	0.960	0.143	0.279	0.665	0.176	0.949	0.155	0.226	0.688	0.074	0.900	0.155	0.136	0.597	0.051	0.960	0.080
#N/A		#N/A	220	MiCOR-Insomnia	Beat-by-Beat Attention: A Transformer-Based Approach to Detect Chagas Disease using 12-Lead ECG	Paolo G. Cachi	TRUE	FALSE	TRUE	FALSE	FALSE	FALSE	FALSE	FALSE	FALSE	FALSE	FALSE																				
#N/A		#N/A	328	Mobin	Multi-Granularity Transformer Network for Enhanced Chagas Disease Detection in ECGs	Md Kamrujjaman Mobin, Md Saiful Islam, Sadik Al Barid, Md Masum	TRUE	FALSE	FALSE	FALSE	FALSE	FALSE	TRUE	FALSE	FALSE	FALSE	FALSE																				
#N/A		#N/A	#N/A	neuron_binders	#N/A	#N/A	FALSE	FALSE	FALSE	FALSE	FALSE	FALSE	TRUE	FALSE	FALSE		FALSE																				
#N/A	0.056	2847	315	OpenHeart	OpenHeart: Detection of Chagas Disease from Single-Lead Electrocardiogram	Edo Ikurumi	TRUE	FALSE	TRUE	TRUE	TRUE	TRUE	TRUE	TRUE	TRUE	TRUE	FALSE	0.101	0.523	0.027	0.234	0.040	0.064	0.489	0.023	0.187	0.040	0.066	0.544	0.024	0.531	0.040	0.039	0.490	0.020	0.521	0.037
#N/A	0.223	2306	#N/A	OSUAI	#N/A	#N/A	FALSE	FALSE	FALSE	FALSE	FALSE	FALSE	FALSE	TRUE	TRUE	TRUE	FALSE	0.328	0.708	0.178	0.865	0.119	0.268	0.666	0.200	0.814	0.088	0.295	0.713	0.094	0.796	0.088	0.107	0.530	0.051	0.800	0.043
#N/A		#N/A	454	param	Early Detection of American Trypanosomiasis Disease using Hybrid Network	Bhavesh Parmar	FALSE	FALSE	FALSE	FALSE	FALSE	FALSE	TRUE	FALSE	FALSE	FALSE	FALSE																				
#N/A	0.205	2516	191	PFAP	Hybrid Convolution-Transformer Network Integrating Time and Frequency Domains from 12-Lead ECG for Chagas Disease Detection	HyeonWoo Lee, Junmo An	TRUE	FALSE	FALSE	TRUE	TRUE	TRUE	FALSE	TRUE	TRUE	TRUE	FALSE	0.317	0.724	0.114	0.975	0.201	0.304	0.669	0.084	0.967	0.212	0.262	0.721	0.130	0.944	0.212	0.050	0.512	0.021	0.749	0.033
#N/A		#N/A	#N/A	Rice BioSignalAI	#N/A	#N/A	FALSE	FALSE	FALSE	FALSE	FALSE	FALSE	FALSE	FALSE	FALSE		FALSE																				
#N/A		#N/A	125	RISMU	Predicting Chagas Disease from ECGs Using Simulator-Augmented DNNDerived Abnormality Scores	Yuta Hashimoto, Naoki Nonaka, Jun Seita	TRUE	FALSE	FALSE	TRUE	TRUE	TRUE	TRUE	FALSE	FALSE	TRUE	FALSE																				
#N/A		#N/A	#N/A	SDU_Team_Plus1	#N/A	#N/A	FALSE	FALSE	FALSE	FALSE	FALSE	FALSE	FALSE	FALSE	FALSE		FALSE																				
#N/A		#N/A	288	SharifAIPlatform	Feature Fusion for Detecting Chagas from 12-Lead ECG	Emad Fatemizadeh, mohammad kalbasi	TRUE	FALSE	FALSE	FALSE	FALSE	FALSE	TRUE	FALSE	FALSE	FALSE	FALSE																				
#N/A		#N/A	363	snehavyakti	Fast convergence kernels using 1D-CNN based Ordinary Differential Equations and their applications for early diagnosis of Chagas Disease	Gomathi V. Dr., Lincy A, Kevin Joel D, Manoj Deepan M, Hari Ram A	TRUE	FALSE	FALSE	FALSE	FALSE	FALSE	FALSE	FALSE	FALSE	FALSE	FALSE																				
#N/A		#N/A	75	so_consulting_ai	Convolutional Transformer for the Detection of Chagas Disease from the Electrocardiogram	Lampros Kokkalas	TRUE	FALSE	TRUE	FALSE	FALSE	FALSE	TRUE	FALSE	FALSE	FALSE	FALSE																				
#N/A		#N/A	#N/A	Spectra	#N/A	#N/A	FALSE	FALSE	FALSE	FALSE	FALSE	FALSE	FALSE	FALSE	FALSE		FALSE																				
#N/A	0.053	2379	#N/A	SZTU-Chagas	#N/A	#N/A	FALSE	FALSE	FALSE	FALSE	FALSE	FALSE	FALSE	TRUE	TRUE	TRUE	FALSE	0.089	0.549	0.029	0.334	0.044	0.043	0.583	0.025	0.341	0.047	0.051	0.546	0.022	0.492	0.047	0.064	0.550	0.023	0.806	0.047
#N/A		#N/A	#N/A	TEAM AIMS	#N/A	#N/A	FALSE	FALSE	FALSE	FALSE	FALSE	FALSE	TRUE	FALSE	FALSE		FALSE																				
#N/A		#N/A	423	Team_UdeC	Hybrid Deep Learning for Improved Chagas Diagnosis	Jorge Fritis, Alonso Valderrama Hickmann, Ignacio Fritis, Bruno Fernández, Esteban Pino	TRUE	FALSE	FALSE	FALSE	TRUE	FALSE	FALSE	FALSE	FALSE	TRUE	FALSE																				
#N/A		#N/A	#N/A	Technion1	#N/A	#N/A	FALSE	FALSE	FALSE	FALSE	FALSE	FALSE	FALSE	FALSE	FALSE		FALSE																				
#N/A		#N/A	#N/A	THM KITE CIS	#N/A	#N/A	FALSE	FALSE	FALSE	FALSE	FALSE	FALSE	TRUE	FALSE	FALSE		FALSE																				
#N/A		#N/A	174	ThreeRareMen	Using sparse Gaussian Process Regression to detect Chagas Disease from a 12lead Electrocardiogram	Simoni Mishra, Sanjeev Bhavnani, Vinay M Pai, Jun Beom Park, John Metzcar	TRUE	FALSE	TRUE	TRUE	TRUE	TRUE	TRUE	FALSE	FALSE	TRUE	FALSE																				
#N/A		#N/A	#N/A	TrypanosomaTrio	#N/A	#N/A	FALSE	FALSE	FALSE	FALSE	FALSE	FALSE	TRUE	FALSE	FALSE		FALSE																				
#N/A		#N/A	325	UIT BenignRhythm	Temporal Feature Extraction and Ensemble Learning for Chagas Detection from ECG Signals	Binh Xuan Le, Lam Minh Thai	FALSE	FALSE	FALSE	FALSE	FALSE	FALSE	TRUE	FALSE	FALSE	FALSE	FALSE																				
#N/A	0.216	2528	#N/A	Ulmer	#N/A	#N/A	FALSE	FALSE	FALSE	FALSE	FALSE	FALSE	FALSE	TRUE	TRUE	TRUE	FALSE	0.315	0.707	0.082	0.975	0.033	0.279	0.670	0.113	0.979	0.020	0.263	0.707	0.082	0.972	0.020	0.107	0.581	0.037	0.978	0.020
#N/A		#N/A	59	verdIAmarelo	Machine Learning for Chagas Disease Detection Using Electrocardiogram Signals	Higor Barreto Campos, Mariana da Palma Valério, FELIPE GOMES AMORIM, EDUARDO DARWICH DA ROCHA MOURA, Guilherme Almeida Laurentino, Samuel Minucci Camargo, stella tassinari maximo, Daniel Gustavo Goroso, Fabiano Bezerra Menegidio	TRUE	FALSE	FALSE	FALSE	TRUE	FALSE	FALSE	FALSE	FALSE	FALSE	FALSE																				
#N/A		#N/A	225	XJTUChagasAI	Domain-Invariant Representation Learning for Automated Chagas Disease Detection Using 12-Lead ECG Signals	Bowen Yu	TRUE	FALSE	FALSE	FALSE	FALSE	FALSE	TRUE	FALSE	FALSE	FALSE	FALSE																				